,symbols,price
0,ETHBTC,0.07639100
1,LTCBTC,0.00354200
2,BNBBTC,0.01127300
3,NEOBTC,0.00056900
4,QTUMETH,0.00240300
5,EOSETH,0.00087900
6,SNTETH,0.00001872
7,BNTETH,0.00095600
8,BCCBTC,0.07908100
9,GASBTC,0.00012350
10,BNBETH,0.14760000
11,BTCUSDT,42718.72000000
12,ETHUSDT,3263.60000000
13,HSRBTC,0.00041400
14,OAXETH,0.00017780
15,DNTETH,0.00002801
16,MCOETH,0.00577200
17,ICNETH,0.00166300
18,MCOBTC,0.00021140
19,WTCBTC,0.00001737
20,WTCETH,0.00023700
21,LRCBTC,0.00002878
22,LRCETH,0.00037552
23,QTUMBTC,0.00018330
24,YOYOBTC,0.00000039
25,OMGBTC,0.00014460
26,OMGETH,0.00189500
27,ZRXBTC,0.00001729
28,ZRXETH,0.00022610
29,STRATBTC,0.00003085
30,STRATETH,0.00105300
31,SNGLSBTC,0.00000013
32,SNGLSETH,0.00005306
33,BQXBTC,0.00008703
34,BQXETH,0.00126350
35,KNCBTC,0.00003655
36,KNCETH,0.00047800
37,FUNBTC,0.00000029
38,FUNETH,0.00000358
39,SNMBTC,0.00000520
40,SNMETH,0.00004986
41,NEOETH,0.00745000
42,IOTABTC,0.00002624
43,IOTAETH,0.00034280
44,LINKBTC,0.00057900
45,LINKETH,0.00757900
46,XVGBTC,0.00000032
47,XVGETH,0.00000422
48,SALTBTC,0.00004250
49,SALTETH,0.00113800
50,MDABTC,0.00001026
51,MDAETH,0.00181150
52,MTLBTC,0.00004319
53,MTLETH,0.00056570
54,SUBBTC,0.00000457
55,SUBETH,0.00012334
56,EOSBTC,0.00006720
57,SNTBTC,0.00000143
58,ETCETH,0.00956000
59,ETCBTC,0.00073100
60,MTHBTC,0.00000053
61,MTHETH,0.00004135
62,ENGBTC,0.00006200
63,ENGETH,0.00186480
64,DNTBTC,0.00000256
65,ZECBTC,0.00329000
66,ZECETH,0.04314000
67,BNTBTC,0.00007316
68,ASTBTC,0.00000561
69,ASTETH,0.00006960
70,DASHBTC,0.00321200
71,DASHETH,0.04207000
72,OAXBTC,0.00000413
73,ICNBTC,0.00005742
74,BTGBTC,0.00085500
75,BTGETH,0.05274500
76,EVXBTC,0.00000274
77,EVXETH,0.00062490
78,REQBTC,0.00000860
79,REQETH,0.00004995
80,VIBBTC,0.00000078
81,VIBETH,0.00001027
82,HSRETH,0.01247400
83,TRXBTC,0.00000168
84,TRXETH,0.00002202
85,POWRBTC,0.00001465
86,POWRETH,0.00019130
87,ARKBTC,0.00002590
88,ARKETH,0.00104600
89,YOYOETH,0.00005828
90,XRPBTC,0.00001796
91,XRPETH,0.00023510
92,MODBTC,0.00004280
93,MODETH,0.00116700
94,ENJBTC,0.00005591
95,ENJETH,0.00073290
96,STORJBTC,0.00003765
97,STORJETH,0.00029910
98,BNBUSDT,481.70000000
99,VENBNB,0.14920000
100,YOYOBNB,0.00059800
101,POWRBNB,0.00385000
102,VENBTC,0.00013928
103,VENETH,0.00325194
104,KMDBTC,0.00001469
105,KMDETH,0.00019250
106,NULSBNB,0.01257000
107,RCNBTC,0.00000074
108,RCNETH,0.00037604
109,RCNBNB,0.00347300
110,NULSBTC,0.00001369
111,NULSETH,0.00051926
112,RDNBTC,0.00000447
113,RDNETH,0.00071530
114,RDNBNB,0.00623000
115,XMRBTC,0.00528200
116,XMRETH,0.06915000
117,DLTBNB,0.00240000
118,WTCBNB,0.00180500
119,DLTBTC,0.00000071
120,DLTETH,0.00016807
121,AMBBTC,0.00000056
122,AMBETH,0.00004100
123,AMBBNB,0.00068500
124,BCCETH,2.47246000
125,BCCUSDT,448.70000000
126,BCCBNB,54.29000000
127,BATBTC,0.00002412
128,BATETH,0.00031540
129,BATBNB,0.00183100
130,BCPTBTC,0.00000048
131,BCPTETH,0.00008181
132,BCPTBNB,0.00116200
133,ARNBTC,0.00000761
134,ARNETH,0.00029362
135,GVTBTC,0.00001792
136,GVTETH,0.00384600
137,CDTBTC,0.00000317
138,CDTETH,0.00005119
139,GXSBTC,0.00005197
140,GXSETH,0.00067990
141,NEOUSDT,24.31000000
142,NEOBNB,0.05050000
143,POEBTC,0.00000005
144,POEETH,0.00000664
145,QSPBTC,0.00000087
146,QSPETH,0.00001135
147,QSPBNB,0.00052350
148,BTSBTC,0.00000071
149,BTSETH,0.00009498
150,BTSBNB,0.00144800
151,XZCBTC,0.00013550
152,XZCETH,0.00310000
153,XZCBNB,0.26750000
154,LSKBTC,0.00004742
155,LSKETH,0.00061900
156,LSKBNB,0.06494000
157,TNTBTC,0.00000261
158,TNTETH,0.00000920
159,FUELBTC,0.00000026
160,FUELETH,0.00002221
161,MANABTC,0.00007019
162,MANAETH,0.00091980
163,BCDBTC,0.00002737
164,BCDETH,0.00251000
165,DGDBTC,0.00393100
166,DGDETH,0.19260000
167,IOTABNB,0.00233000
168,ADXBTC,0.00001126
169,ADXETH,0.00014710
170,ADXBNB,0.00492900
171,ADABTC,0.00003567
172,ADAETH,0.00046720
173,PPTBTC,0.00001855
174,PPTETH,0.00141000
175,CMTBTC,0.00000028
176,CMTETH,0.00000625
177,CMTBNB,0.00057700
178,XLMBTC,0.00000594
179,XLMETH,0.00007770
180,XLMBNB,0.00052740
181,CNDBTC,0.00000019
182,CNDETH,0.00002599
183,CNDBNB,0.00033990
184,LENDBTC,0.00004512
185,LENDETH,0.00137174
186,WABIBTC,0.00000381
187,WABIETH,0.00040308
188,WABIBNB,0.00033980
189,LTCETH,0.04641000
190,LTCUSDT,151.50000000
191,LTCBNB,0.31430000
192,TNBBTC,0.00000007
193,TNBETH,0.00000752
194,WAVESBTC,0.00032300
195,WAVESETH,0.00422800
196,WAVESBNB,0.02871000
197,GTOBTC,0.00000107
198,GTOETH,0.00003197
199,GTOBNB,0.00035200
200,ICXBTC,0.00002369
201,ICXETH,0.00031070
202,ICXBNB,0.00465400
203,OSTBTC,0.00000032
204,OSTETH,0.00000225
205,OSTBNB,0.00052500
206,ELFBTC,0.00000966
207,ELFETH,0.00012650
208,AIONBTC,0.00000284
209,AIONETH,0.00003713
210,AIONBNB,0.00261300
211,NEBLBTC,0.00002006
212,NEBLETH,0.00026430
213,NEBLBNB,0.01356000
214,BRDBTC,0.00000885
215,BRDETH,0.00011581
216,BRDBNB,0.00247000
217,MCOBNB,0.26837000
218,EDOBTC,0.00005609
219,EDOETH,0.00226600
220,WINGSBTC,0.00001193
221,WINGSETH,0.00033460
222,NAVBTC,0.00000550
223,NAVETH,0.00011870
224,NAVBNB,0.00423700
225,LUNBTC,0.00008510
226,LUNETH,0.00489100
227,TRIGBTC,0.00001980
228,TRIGETH,0.00059400
229,TRIGBNB,0.01218000
230,APPCBTC,0.00000055
231,APPCETH,0.00014600
232,APPCBNB,0.00189100
233,VIBEBTC,0.00000042
234,VIBEETH,0.00005720
235,RLCBTC,0.00006209
236,RLCETH,0.00081100
237,RLCBNB,0.03344000
238,INSBTC,0.00000618
239,INSETH,0.00050100
240,PIVXBTC,0.00001069
241,PIVXETH,0.00013990
242,PIVXBNB,0.01660000
243,IOSTBTC,0.00000068
244,IOSTETH,0.00000884
245,CHATBTC,0.00000195
246,CHATETH,0.00006585
247,STEEMBTC,0.00000950
248,STEEMETH,0.00012390
249,STEEMBNB,0.00448000
250,NANOBTC,0.00007190
251,NANOETH,0.00094300
252,NANOBNB,0.05589000
253,VIABTC,0.00000681
254,VIAETH,0.00085600
255,VIABNB,0.00958000
256,BLZBTC,0.00000419
257,BLZETH,0.00005507
258,BLZBNB,0.00062190
259,AEBTC,0.00000292
260,AEETH,0.00021900
261,AEBNB,0.00777000
262,RPXBTC,0.00000224
263,RPXETH,0.00005449
264,RPXBNB,0.00145700
265,NCASHBTC,0.00000005
266,NCASHETH,0.00000051
267,NCASHBNB,0.00006790
268,POABTC,0.00000041
269,POAETH,0.00004891
270,POABNB,0.00092100
271,ZILBTC,0.00000149
272,ZILETH,0.00001941
273,ZILBNB,0.00013150
274,ONTBTC,0.00001465
275,ONTETH,0.00019160
276,ONTBNB,0.00246200
277,STORMBTC,0.00000035
278,STORMETH,0.00001398
279,STORMBNB,0.00006550
280,QTUMBNB,0.09597000
281,QTUMUSDT,7.83000000
282,XEMBTC,0.00000273
283,XEMETH,0.00003571
284,XEMBNB,0.00244100
285,WANBTC,0.00001309
286,WANETH,0.00017160
287,WANBNB,0.00181000
288,WPRBTC,0.00000027
289,WPRETH,0.00004020
290,QLCBTC,0.00000057
291,QLCETH,0.00000751
292,SYSBTC,0.00002689
293,SYSETH,0.00011047
294,SYSBNB,0.00163500
295,QLCBNB,0.00092200
296,GRSBTC,0.00001543
297,GRSETH,0.00076455
298,ADAUSDT,1.52500000
299,ADABNB,0.00316200
300,CLOAKBTC,0.00015550
301,CLOAKETH,0.00414200
302,GNTBTC,0.00000678
303,GNTETH,0.00022071
304,GNTBNB,0.00243900
305,LOOMBTC,0.00000179
306,LOOMETH,0.00002329
307,LOOMBNB,0.00088500
308,XRPUSDT,0.76710000
309,BCNBTC,0.00000022
310,BCNETH,0.00000707
311,BCNBNB,0.00002000
312,REPBTC,0.00038900
313,REPETH,0.00509300
314,REPBNB,0.44670000
315,BTCTUSD,42748.32000000
316,TUSDBTC,0.00025971
317,ETHTUSD,3266.85000000
318,TUSDETH,0.00762097
319,TUSDBNB,0.06777000
320,ZENBTC,0.00126000
321,ZENETH,0.01650000
322,ZENBNB,0.11170000
323,SKYBTC,0.00000829
324,SKYETH,0.00222000
325,SKYBNB,0.03022000
326,EOSUSDT,2.87000000
327,EOSBNB,0.00595000
328,CVCBTC,0.00000760
329,CVCETH,0.00009930
330,CVCBNB,0.00211200
331,THETABTC,0.00009450
332,THETAETH,0.00123800
333,THETABNB,0.00839000
334,XRPBNB,0.00159200
335,TUSDUSDT,0.99970000
336,IOTAUSDT,1.12110000
337,XLMUSDT,0.25390000
338,IOTXBTC,0.00000265
339,IOTXETH,0.00003476
340,QKCBTC,0.00000043
341,QKCETH,0.00000567
342,AGIBTC,0.00000668
343,AGIETH,0.00007363
344,AGIBNB,0.00077200
345,NXSBTC,0.00000932
346,NXSETH,0.00077300
347,NXSBNB,0.01087000
348,ENJBNB,0.00494200
349,DATABTC,0.00000235
350,DATAETH,0.00003088
351,ONTUSDT,0.62540000
352,TRXBNB,0.00014930
353,TRXUSDT,0.07187000
354,ETCUSDT,31.25000000
355,ETCBNB,0.06490000
356,ICXUSDT,1.01300000
357,SCBTC,0.00000032
358,SCETH,0.00000420
359,SCBNB,0.00002838
360,NPXSBTC,0.00000003
361,NPXSETH,0.00000345
362,VENUSDT,0.00010000
363,KEYBTC,0.00000013
364,KEYETH,0.00000314
365,NASBTC,0.00000690
366,NASETH,0.00008940
367,NASBNB,0.02337000
368,MFTBTC,0.00000008
369,MFTETH,0.00000242
370,MFTBNB,0.00001640
371,DENTBTC,0.00000004
372,DENTETH,0.00000113
373,ARDRBTC,0.00000521
374,ARDRETH,0.00018870
375,ARDRBNB,0.00316800
376,NULSUSDT,0.58530000
377,HOTBTC,0.00000002
378,HOTETH,0.00000189
379,VETBTC,0.00000179
380,VETETH,0.00002341
381,VETUSDT,0.07645000
382,VETBNB,0.00015860
383,DOCKBTC,0.00000132
384,DOCKETH,0.00003283
385,POLYBTC,0.00001129
386,POLYBNB,0.00145900
387,PHXBTC,0.00000180
388,PHXETH,0.00005617
389,PHXBNB,0.00045600
390,HCBTC,0.00002000
391,HCETH,0.00513400
392,GOBTC,0.00000069
393,GOBNB,0.00069230
394,PAXBTC,0.00025175
395,PAXBNB,0.20121000
396,PAXUSDT,0.99960000
397,PAXETH,0.00888047
398,RVNBTC,0.00000215
399,RVNBNB,0.00019070
400,DCRBTC,0.00152800
401,DCRBNB,0.78100000
402,USDCBNB,0.21755000
403,MITHBTC,0.00000117
404,MITHBNB,0.00010320
405,BCHABCBTC,0.02933000
406,BCHSVBTC,0.01117900
407,BCHABCUSDT,220.08000000
408,BCHSVUSDT,58.90000000
409,BNBPAX,495.10000000
410,BTCPAX,51529.15000000
411,ETHPAX,3904.41000000
412,XRPPAX,0.88960000
413,EOSPAX,2.58450000
414,XLMPAX,0.04221000
415,RENBTC,0.00001087
416,RENBNB,0.00458500
417,BNBTUSD,482.00000000
418,XRPTUSD,0.76780000
419,EOSTUSD,4.11590000
420,XLMTUSD,0.06833000
421,BNBUSDC,482.00000000
422,BTCUSDC,42732.37000000
423,ETHUSDC,3266.47000000
424,XRPUSDC,0.76730000
425,EOSUSDC,2.86100000
426,XLMUSDC,0.04970000
427,USDCUSDT,0.99970000
428,ADATUSD,1.52300000
429,TRXTUSD,0.07178000
430,NEOTUSD,11.81800000
431,TRXXRP,0.09356000
432,XZCXRP,20.79200000
433,PAXTUSD,0.99950000
434,USDCTUSD,1.00000000
435,USDCPAX,1.00020000
436,LINKUSDT,24.74000000
437,LINKTUSD,28.87000000
438,LINKPAX,3.98340000
439,LINKUSDC,24.77000000
440,WAVESUSDT,13.80000000
441,WAVESTUSD,1.07200000
442,WAVESPAX,0.80290000
443,WAVESUSDC,1.20360000
444,BCHABCTUSD,220.20000000
445,BCHABCPAX,221.20000000
446,BCHABCUSDC,220.30000000
447,BCHSVTUSD,59.17000000
448,BCHSVPAX,58.18000000
449,BCHSVUSDC,57.50000000
450,LTCTUSD,150.10000000
451,LTCPAX,171.13000000
452,LTCUSDC,151.20000000
453,TRXPAX,0.07661000
454,TRXUSDC,0.07190000
455,BTTBTC,0.00000005
456,BTTBNB,0.00000573
457,BTTUSDT,0.00277700
458,BNBUSDS,22.27880000
459,BTCUSDS,9604.59000000
460,USDSUSDT,0.99680000
461,USDSPAX,1.00020000
462,USDSTUSD,1.00000000
463,USDSUSDC,1.00000000
464,BTTPAX,0.00038660
465,BTTTUSD,0.00277000
466,BTTUSDC,0.00277600
467,ONGBNB,0.00545000
468,ONGBTC,0.00001751
469,ONGUSDT,0.74710000
470,HOTBNB,0.00001278
471,HOTUSDT,0.00616400
472,ZILUSDT,0.06339000
473,ZRXBNB,0.01045000
474,ZRXUSDT,0.73890000
475,FETBNB,0.00097200
476,FETBTC,0.00001100
477,FETUSDT,0.46840000
478,BATUSDT,1.03020000
479,XMRBNB,0.46780000
480,XMRUSDT,225.60000000
481,ZECBNB,0.29170000
482,ZECUSDT,140.50000000
483,ZECPAX,42.10000000
484,ZECTUSD,51.48000000
485,ZECUSDC,140.70000000
486,IOSTBNB,0.00005987
487,IOSTUSDT,0.02882000
488,CELRBNB,0.00017914
489,CELRBTC,0.00000201
490,CELRUSDT,0.08624000
491,ADAPAX,0.03257000
492,ADAUSDC,1.52600000
493,NEOPAX,11.12200000
494,NEOUSDC,28.27000000
495,DASHBNB,0.28420000
496,DASHUSDT,137.30000000
497,NANOUSDT,3.07000000
498,OMGBNB,0.03938000
499,OMGUSDT,6.18100000
500,THETAUSDT,4.03600000
501,ENJUSDT,2.38900000
502,MITHUSDT,0.04976000
503,MATICBNB,0.00488400
504,MATICBTC,0.00005503
505,MATICUSDT,2.35200000
506,ATOMBNB,0.08635000
507,ATOMBTC,0.00097260
508,ATOMUSDT,41.56000000
509,ATOMUSDC,41.57000000
510,ATOMPAX,3.17800000
511,ATOMTUSD,2.59800000
512,ETCUSDC,4.71000000
513,ETCPAX,4.83800000
514,ETCTUSD,3.79500000
515,BATUSDC,0.63130000
516,BATPAX,0.25560000
517,BATTUSD,0.22220000
518,PHBBNB,0.00013700
519,PHBBTC,0.00000871
520,PHBUSDC,0.00587000
521,PHBTUSD,0.37500000
522,PHBPAX,0.00639000
523,TFUELBNB,0.00012590
524,TFUELBTC,0.00000409
525,TFUELUSDT,0.17500000
526,TFUELUSDC,0.00356500
527,TFUELTUSD,0.00307700
528,TFUELPAX,0.00348700
529,ONEBNB,0.00069920
530,ONEBTC,0.00000790
531,ONEUSDT,0.33731000
532,ONETUSD,0.00472000
533,ONEPAX,0.00496000
534,ONEUSDC,0.00520000
535,FTMBNB,0.00666390
536,FTMBTC,0.00007504
537,FTMUSDT,3.20520000
538,FTMTUSD,0.01095000
539,FTMPAX,0.01028000
540,FTMUSDC,0.01107000
541,BTCBBTC,1.00000000
542,BCPTTUSD,0.02606000
543,BCPTPAX,0.02761000
544,BCPTUSDC,0.02728000
545,ALGOBNB,0.00292500
546,ALGOBTC,0.00003297
547,ALGOUSDT,1.40900000
548,ALGOTUSD,1.01700000
549,ALGOPAX,0.20390000
550,ALGOUSDC,0.23800000
551,USDSBUSDT,0.99970000
552,USDSBUSDS,0.99990000
553,GTOUSDT,0.04603000
554,GTOPAX,0.01361000
555,GTOTUSD,0.01236000
556,GTOUSDC,0.01196000
557,ERDBNB,0.00083273
558,ERDBTC,0.00000168
559,ERDUSDT,0.01971000
560,ERDPAX,0.00125270
561,ERDUSDC,0.00135730
562,DOGEBNB,0.00015270
563,DOGEBTC,0.00000397
564,DOGEUSDT,0.16920000
565,DOGEPAX,0.00216820
566,DOGEUSDC,0.00212770
567,DUSKBNB,0.00118000
568,DUSKBTC,0.00002398
569,DUSKUSDT,1.02390000
570,DUSKUSDC,0.01790000
571,DUSKPAX,0.01890000
572,BGBPUSDC,1.39000000
573,ANKRBNB,0.00018850
574,ANKRBTC,0.00000212
575,ANKRUSDT,0.09084000
576,ANKRTUSD,0.00212800
577,ANKRPAX,0.00209300
578,ANKRUSDC,0.00209700
579,ONTPAX,0.84510000
580,ONTUSDC,0.57080000
581,WINBNB,0.00000086
582,WINBTC,0.00000001
583,WINUSDT,0.00041160
584,WINUSDC,0.00041170
585,COSBNB,0.00004238
586,COSBTC,0.00000048
587,COSUSDT,0.02042000
588,TUSDBTUSD,0.99750000
589,NPXSUSDT,0.00703010
590,NPXSUSDC,0.00017020
591,COCOSBNB,0.00328800
592,COCOSBTC,0.00000003
593,COCOSUSDT,1.58260000
594,MTLUSDT,1.84300000
595,TOMOBNB,0.03255000
596,TOMOBTC,0.00003543
597,TOMOUSDT,1.51500000
598,TOMOUSDC,0.36700000
599,PERLBNB,0.00015280
600,PERLBTC,0.00000171
601,PERLUSDC,0.02447000
602,PERLUSDT,0.07322000
603,DENTUSDT,0.00367400
604,MFTUSDT,0.00787600
605,KEYUSDT,0.01023100
606,STORMUSDT,0.00339700
607,DOCKUSDT,0.05625000
608,WANUSDT,0.55880000
609,FUNUSDT,0.01171000
610,CVCUSDT,0.32490000
611,BTTTRX,0.03945000
612,WINTRX,0.00573700
613,CHZBNB,0.00054330
614,CHZBTC,0.00000613
615,CHZUSDT,0.26180000
616,BANDBNB,0.02248000
617,BANDBTC,0.00012750
618,BANDUSDT,5.46200000
619,BNBBUSD,481.80000000
620,BTCBUSD,42739.51000000
621,BUSDUSDT,0.99960000
622,BEAMBNB,0.02177000
623,BEAMBTC,0.00001065
624,BEAMUSDT,0.45460000
625,XTZBNB,0.00863900
626,XTZBTC,0.00009733
627,XTZUSDT,4.15700000
628,RENUSDT,0.46400000
629,RVNUSDT,0.09178000
630,HCUSDT,0.84230000
631,HBARBNB,0.00056720
632,HBARBTC,0.00000640
633,HBARUSDT,0.27340000
634,NKNBNB,0.00074700
635,NKNBTC,0.00000670
636,NKNUSDT,0.28570000
637,XRPBUSD,0.76750000
638,ETHBUSD,3264.73000000
639,BCHABCBUSD,220.16000000
640,LTCBUSD,151.50000000
641,LINKBUSD,24.75000000
642,ETCBUSD,31.24000000
643,STXBNB,0.00432700
644,STXBTC,0.00004888
645,STXUSDT,2.09000000
646,KAVABNB,0.01192000
647,KAVABTC,0.00013470
648,KAVAUSDT,5.75500000
649,BUSDNGN,462.64000000
650,BNBNGN,43608.00000000
651,BTCNGN,24624900.00000000
652,ARPABNB,0.00017440
653,ARPABTC,0.00000196
654,ARPAUSDT,0.08402000
655,TRXBUSD,0.07194000
656,EOSBUSD,2.87100000
657,IOTXUSDT,0.11327000
658,RLCUSDT,2.65200000
659,MCOUSDT,2.74400000
660,XLMBUSD,0.25410000
661,ADABUSD,1.52400000
662,CTXCBNB,0.00412200
663,CTXCBTC,0.00000862
664,CTXCUSDT,0.36770000
665,BCHBNB,0.79200000
666,BCHBTC,0.00892000
667,BCHUSDT,381.40000000
668,BCHUSDC,381.30000000
669,BCHTUSD,630.00000000
670,BCHPAX,617.72000000
671,BCHBUSD,381.50000000
672,BTCRUB,3270026.00000000
673,ETHRUB,249555.40000000
674,XRPRUB,58.64000000
675,BNBRUB,36876.41000000
676,TROYBNB,0.00001901
677,TROYBTC,0.00000018
678,TROYUSDT,0.00919200
679,BUSDRUB,76.49000000
680,QTUMBUSD,7.83600000
681,VETBUSD,0.07647000
682,VITEBNB,0.00070700
683,VITEBTC,0.00000163
684,VITEUSDT,0.06987000
685,FTTBNB,0.09500000
686,FTTBTC,0.00107030
687,FTTUSDT,45.73000000
688,BTCTRY,581020.00000000
689,BNBTRY,6552.00000000
690,BUSDTRY,13.58900000
691,ETHTRY,44370.00000000
692,XRPTRY,10.43200000
693,USDTTRY,13.59500000
694,USDTRUB,76.50000000
695,BTCEUR,37444.82000000
696,ETHEUR,2860.54000000
697,BNBEUR,422.20000000
698,XRPEUR,0.67260000
699,EURBUSD,1.14200000
700,EURUSDT,1.14000000
701,OGNBNB,0.00107700
702,OGNBTC,0.00001212
703,OGNUSDT,0.51840000
704,DREPBNB,0.00009380
705,DREPBTC,0.00002359
706,DREPUSDT,1.01070000
707,BULLUSDT,1370.28000000
708,BULLBUSD,1368.56000000
709,BEARUSDT,11.16000000
710,BEARBUSD,11.14000000
711,ETHBULLUSDT,79.18000000
712,ETHBULLBUSD,78.46000000
713,ETHBEARUSDT,12.20000000
714,ETHBEARBUSD,12.24000000
715,TCTBNB,0.00041860
716,TCTBTC,0.00000064
717,TCTUSDT,0.02735000
718,WRXBNB,0.00221300
719,WRXBTC,0.00002498
720,WRXUSDT,1.06700000
721,ICXBUSD,1.01400000
722,BTSUSDT,0.03007000
723,BTSBUSD,0.01930000
724,LSKUSDT,2.02000000
725,BNTUSDT,3.12300000
726,BNTBUSD,3.11600000
727,LTOBNB,0.00248000
728,LTOBTC,0.00000737
729,LTOUSDT,0.31500000
730,ATOMBUSD,41.61000000
731,DASHBUSD,137.30000000
732,NEOBUSD,24.33000000
733,WAVESBUSD,13.84000000
734,XTZBUSD,4.16100000
735,EOSBULLUSDT,3.85000000
736,EOSBULLBUSD,3.90000000
737,EOSBEARUSDT,30.21000000
738,EOSBEARBUSD,29.81000000
739,XRPBULLUSDT,8.74000000
740,XRPBULLBUSD,8.78000000
741,XRPBEARUSDT,548.55000000
742,XRPBEARBUSD,547.33000000
743,BATBUSD,1.03090000
744,ENJBUSD,2.39000000
745,NANOBUSD,3.07100000
746,ONTBUSD,0.62580000
747,RVNBUSD,0.09192000
748,STRATBUSD,0.49150000
749,STRATBNB,0.01900000
750,STRATUSDT,0.49040000
751,AIONBUSD,0.07210000
752,AIONUSDT,0.12090000
753,MBLBNB,0.00001504
754,MBLBTC,0.00000005
755,MBLUSDT,0.00723900
756,COTIBNB,0.00076180
757,COTIBTC,0.00000854
758,COTIUSDT,0.36550000
759,ALGOBUSD,1.40940000
760,BTTBUSD,0.00277800
761,TOMOBUSD,1.51500000
762,XMRBUSD,225.70000000
763,ZECBUSD,140.70000000
764,BNBBULLUSDT,57.21000000
765,BNBBULLBUSD,58.37000000
766,BNBBEARUSDT,58.61000000
767,BNBBEARBUSD,57.21000000
768,STPTBNB,0.00067000
769,STPTBTC,0.00000220
770,STPTUSDT,0.09355000
771,BTCZAR,857014.00000000
772,ETHZAR,27850.40000000
773,BNBZAR,5000.00000000
774,USDTZAR,14.02300000
775,BUSDZAR,13.88800000
776,BTCBKRW,42029197.00000000
777,ETHBKRW,1277799.00000000
778,BNBBKRW,44687.00000000
779,WTCUSDT,0.74030000
780,DATABUSD,0.10086000
781,DATAUSDT,0.10074000
782,XZCUSDT,4.44600000
783,SOLBNB,0.29660000
784,SOLBTC,0.00334310
785,SOLUSDT,142.82000000
786,SOLBUSD,142.87000000
787,BTCIDRT,693891182.00
788,BNBIDRT,6900000.00
789,USDTIDRT,14328.00
790,BUSDIDRT,14389.00
791,CTSIBTC,0.00001463
792,CTSIUSDT,0.62500000
793,CTSIBNB,0.00129700
794,CTSIBUSD,0.62430000
795,HIVEBNB,0.00429000
796,HIVEBTC,0.00002979
797,HIVEUSDT,1.27150000
798,CHRBNB,0.00184110
799,CHRBTC,0.00002076
800,CHRUSDT,0.88560000
801,BTCUPUSDT,50.57000000
802,BTCDOWNUSDT,0.01628000
803,GXSUSDT,2.21710000
804,ARDRUSDT,0.22240000
805,ERDBUSD,0.01966100
806,LENDUSDT,0.51431000
807,HBARBUSD,0.27350000
808,MATICBUSD,2.35100000
809,WRXBUSD,1.06400000
810,ZILBUSD,0.06349000
811,MDTBNB,0.00073720
812,MDTBTC,0.00000189
813,MDTUSDT,0.08055000
814,STMXBNB,0.00003840
815,STMXBTC,0.00000044
816,STMXETH,0.00000564
817,STMXUSDT,0.01847000
818,KNCBUSD,1.56300000
819,KNCUSDT,1.56300000
820,REPBUSD,13.67300000
821,REPUSDT,16.57000000
822,LRCBUSD,1.22870000
823,LRCUSDT,1.22840000
824,IQBNB,0.00002223
825,IQBUSD,0.01068000
826,PNTBTC,0.00002007
827,PNTUSDT,0.85780000
828,BTCGBP,31276.42000000
829,ETHGBP,2389.68000000
830,XRPGBP,0.56140000
831,BNBGBP,352.70000000
832,GBPBUSD,1.36700000
833,DGBBNB,0.00005980
834,DGBBTC,0.00000068
835,DGBBUSD,0.02884000
836,BTCUAH,1218353.00000000
837,USDTUAH,28.55000000
838,COMPBTC,0.00429000
839,COMPBNB,5.71900000
840,COMPBUSD,183.20000000
841,COMPUSDT,183.10000000
842,BTCBIDR,613200001.00
843,ETHBIDR,46891356.00
844,BNBBIDR,6907566.00
845,BUSDBIDR,14346.00
846,USDTBIDR,14354.00
847,BKRWUSDT,0.00084530
848,BKRWBUSD,0.00084550
849,SCUSDT,0.01370000
850,ZENUSDT,53.91000000
851,SXPBTC,0.00003976
852,SXPBNB,0.00352600
853,SXPBUSD,1.69900000
854,SNXBTC,0.00011990
855,SNXBNB,0.01061000
856,SNXBUSD,5.13000000
857,SNXUSDT,5.12700000
858,ETHUPUSDT,51.86700000
859,ETHDOWNUSDT,0.76460000
860,ADAUPUSDT,39.52400000
861,ADADOWNUSDT,0.00347400
862,LINKUPUSDT,0.68500000
863,LINKDOWNUSDT,0.00503800
864,VTHOBNB,0.00001083
865,VTHOBUSD,0.00071800
866,VTHOUSDT,0.00522800
867,DCRBUSD,16.03500000
868,DGBUSDT,0.02884000
869,GBPUSDT,1.36600000
870,STORJBUSD,1.60630000
871,SXPUSDT,1.69800000
872,IRISBNB,0.00166200
873,IRISBTC,0.00000222
874,IRISBUSD,0.06080000
875,MKRBNB,6.90300000
876,MKRBTC,0.04991000
877,MKRUSDT,2134.00000000
878,MKRBUSD,2136.00000000
879,DAIBNB,0.04876000
880,DAIBTC,0.00008966
881,DAIUSDT,1.01890000
882,DAIBUSD,1.01810000
883,RUNEBNB,0.01257000
884,RUNEBTC,0.00014160
885,RUNEBUSD,6.06000000
886,MANABUSD,3.00020000
887,DOGEBUSD,0.16940000
888,LENDBUSD,0.51530000
889,ZRXBUSD,0.73850000
890,DCRUSDT,65.20000000
891,STORJUSDT,1.60890000
892,XRPBKRW,319.76000000
893,ADABKRW,327.55000000
894,BTCAUD,59273.25000000
895,ETHAUD,4529.65000000
896,AUDBUSD,0.72100000
897,FIOBNB,0.00029330
898,FIOBTC,0.00000330
899,FIOBUSD,0.14120000
900,BNBUPUSDT,387.97000000
901,BNBDOWNUSDT,0.08500000
902,XTZUPUSDT,0.00908000
903,XTZDOWNUSDT,1.35100000
904,AVABNB,0.00324400
905,AVABTC,0.00003659
906,AVABUSD,1.55900000
907,USDTBKRW,1125.00000000
908,BUSDBKRW,1097.18000000
909,IOTABUSD,1.12060000
910,MANAUSDT,2.99900000
911,XRPAUD,1.06470000
912,BNBAUD,668.40000000
913,AUDUSDT,0.72090000
914,BALBNB,0.42580000
915,BALBTC,0.00038870
916,BALBUSD,16.63000000
917,YFIBNB,82.19000000
918,YFIBTC,0.75590000
919,YFIBUSD,32348.62000000
920,YFIUSDT,32316.98000000
921,BLZBUSD,0.07104000
922,KMDBUSD,0.46760000
923,BALUSDT,16.60000000
924,BLZUSDT,0.17970000
925,IRISUSDT,0.09479000
926,KMDUSDT,0.62650000
927,BTCDAI,42734.86000000
928,ETHDAI,3263.34000000
929,BNBDAI,481.10000000
930,USDTDAI,0.99960000
931,BUSDDAI,0.99950000
932,JSTBNB,0.00021850
933,JSTBTC,0.00000130
934,JSTBUSD,0.05537000
935,JSTUSDT,0.05535000
936,SRMBNB,0.00638000
937,SRMBTC,0.00007190
938,SRMBUSD,3.07500000
939,SRMUSDT,3.07400000
940,ANTBNB,0.01550000
941,ANTBTC,0.00017478
942,ANTBUSD,7.48300000
943,ANTUSDT,7.47000000
944,CRVBNB,0.00687000
945,CRVBTC,0.00011346
946,CRVBUSD,4.84700000
947,CRVUSDT,4.84700000
948,SANDBNB,0.00985800
949,SANDBTC,0.00011114
950,SANDUSDT,4.74550000
951,SANDBUSD,4.74770000
952,OCEANBNB,0.00168500
953,OCEANBTC,0.00001904
954,OCEANBUSD,0.81410000
955,OCEANUSDT,0.81330000
956,NMRBNB,0.05860000
957,NMRBTC,0.00066400
958,NMRBUSD,28.33000000
959,NMRUSDT,28.32000000
960,DOTBNB,0.05534000
961,DOTBTC,0.00062390
962,DOTBUSD,26.67000000
963,DOTUSDT,26.65000000
964,LUNABNB,0.16893000
965,LUNABTC,0.00190400
966,LUNABUSD,81.36000000
967,LUNAUSDT,81.37000000
968,IDEXBTC,0.00000472
969,IDEXBUSD,0.20169000
970,RSRBNB,0.00005350
971,RSRBTC,0.00000060
972,RSRBUSD,0.02581000
973,RSRUSDT,0.02582000
974,PAXGBNB,3.78700000
975,PAXGBTC,0.04272000
976,PAXGBUSD,1890.00000000
977,PAXGUSDT,1820.00000000
978,WNXMBNB,0.17350000
979,WNXMBTC,0.00126400
980,WNXMBUSD,22.16500000
981,WNXMUSDT,53.89000000
982,TRBBNB,0.51700000
983,TRBBTC,0.00069200
984,TRBBUSD,29.57000000
985,TRBUSDT,29.60000000
986,ETHNGN,805670.00000000
987,DOTBIDR,382326.00
988,LINKAUD,34.35000000
989,SXPAUD,2.35000000
990,BZRXBNB,0.00514000
991,BZRXBTC,0.00000463
992,BZRXBUSD,0.21640000
993,BZRXUSDT,0.21560000
994,WBTCBTC,1.00050000
995,WBTCETH,13.08000000
996,SUSHIBNB,0.01396000
997,SUSHIBTC,0.00015730
998,SUSHIBUSD,6.72000000
999,SUSHIUSDT,6.71700000
1000,YFIIBNB,5.35000000
1001,YFIIBTC,0.06040000
1002,YFIIBUSD,2578.00000000
1003,YFIIUSDT,2583.00000000
1004,KSMBNB,0.55800000
1005,KSMBTC,0.00628600
1006,KSMBUSD,268.50000000
1007,KSMUSDT,268.80000000
1008,EGLDBNB,0.39880000
1009,EGLDBTC,0.00450100
1010,EGLDBUSD,192.37000000
1011,EGLDUSDT,191.92000000
1012,DIABNB,0.00381300
1013,DIABTC,0.00002842
1014,DIABUSD,1.21500000
1015,DIAUSDT,1.21200000
1016,RUNEUSDT,6.05100000
1017,FIOUSDT,0.14150000
1018,UMABTC,0.00019370
1019,UMAUSDT,8.26500000
1020,EOSUPUSDT,0.21130000
1021,EOSDOWNUSDT,0.00036650
1022,TRXUPUSDT,0.11111000
1023,TRXDOWNUSDT,9.38200000
1024,XRPUPUSDT,1.70700000
1025,XRPDOWNUSDT,0.00109410
1026,DOTUPUSDT,3.06600000
1027,DOTDOWNUSDT,11.83600000
1028,SRMBIDR,26748.00
1029,ONEBIDR,119.92
1030,LINKTRY,336.40000000
1031,USDTNGN,578.70000000
1032,BELBNB,0.00265900
1033,BELBTC,0.00003001
1034,BELBUSD,1.28100000
1035,BELUSDT,1.28200000
1036,WINGBNB,0.04865000
1037,WINGBTC,0.00031260
1038,SWRVBNB,0.00150400
1039,SWRVBUSD,0.56490000
1040,WINGBUSD,13.28000000
1041,WINGUSDT,13.28000000
1042,LTCUPUSDT,1.38400000
1043,LTCDOWNUSDT,1.20900000
1044,LENDBKRW,579.46000000
1045,SXPEUR,1.48900000
1046,CREAMBNB,0.14470000
1047,CREAMBUSD,69.70000000
1048,UNIBNB,0.03517000
1049,UNIBTC,0.00039650
1050,UNIBUSD,16.95000000
1051,UNIUSDT,16.95000000
1052,NBSBTC,0.00000031
1053,NBSUSDT,0.01578000
1054,OXTBTC,0.00000743
1055,OXTUSDT,0.31740000
1056,SUNBTC,0.00071100
1057,SUNUSDT,0.02137000
1058,AVAXBNB,0.18486000
1059,AVAXBTC,0.00208430
1060,AVAXBUSD,89.05000000
1061,AVAXUSDT,89.02000000
1062,HNTBTC,0.00075380
1063,HNTUSDT,32.20000000
1064,BAKEBNB,0.00196000
1065,BURGERBNB,0.00510000
1066,SXPBIDR,24403.00
1067,LINKBKRW,16948.99000000
1068,FLMBNB,0.00333000
1069,FLMBTC,0.00000756
1070,FLMBUSD,0.32320000
1071,FLMUSDT,0.32320000
1072,SCRTBTC,0.00021350
1073,SCRTETH,0.00278080
1074,CAKEBNB,0.02419000
1075,CAKEBUSD,11.65000000
1076,SPARTABNB,0.00040740
1077,UNIUPUSDT,1.05500000
1078,UNIDOWNUSDT,2.17200000
1079,ORNBTC,0.00012000
1080,ORNUSDT,5.13300000
1081,TRXNGN,20.71000000
1082,SXPTRY,23.09000000
1083,UTKBTC,0.00000823
1084,UTKUSDT,0.35140000
1085,XVSBNB,0.02825000
1086,XVSBTC,0.00032060
1087,XVSBUSD,13.68000000
1088,XVSUSDT,13.68000000
1089,ALPHABNB,0.00115900
1090,ALPHABTC,0.00001305
1091,ALPHABUSD,0.55930000
1092,ALPHAUSDT,0.55860000
1093,VIDTBTC,0.00001702
1094,VIDTBUSD,0.72820000
1095,AAVEBNB,0.48020000
1096,BTCBRL,237742.00000000
1097,USDTBRL,5.56100000
1098,AAVEBTC,0.00540900
1099,AAVEETH,0.07080000
1100,AAVEBUSD,231.40000000
1101,AAVEUSDT,231.00000000
1102,AAVEBKRW,164167.00000000
1103,NEARBNB,0.03995300
1104,NEARBTC,0.00045010
1105,NEARBUSD,19.25100000
1106,NEARUSDT,19.22700000
1107,SXPUPUSDT,0.17426000
1108,SXPDOWNUSDT,0.08950000
1109,DOTBKRW,13514.98000000
1110,SXPGBP,1.24000000
1111,FILBNB,0.06130000
1112,FILBTC,0.00069000
1113,FILBUSD,29.50000000
1114,FILUSDT,29.48000000
1115,FILUPUSDT,0.15150000
1116,FILDOWNUSDT,0.00076660
1117,YFIUPUSDT,0.11690000
1118,YFIDOWNUSDT,0.90090000
1119,INJBNB,0.01444000
1120,INJBTC,0.00016240
1121,INJBUSD,6.93100000
1122,INJUSDT,6.93300000
1123,AERGOBTC,0.00000535
1124,AERGOBUSD,0.22860000
1125,LINKEUR,21.69000000
1126,ONEBUSD,0.33777000
1127,EASYETH,0.00623000
1128,AUDIOBTC,0.00003256
1129,AUDIOBUSD,1.39300000
1130,AUDIOUSDT,1.39000000
1131,CTKBNB,0.00298000
1132,CTKBTC,0.00003358
1133,CTKBUSD,1.43400000
1134,CTKUSDT,1.43600000
1135,BCHUPUSDT,0.07240000
1136,BCHDOWNUSDT,0.22470000
1137,BOTBTC,0.04906000
1138,BOTBUSD,2783.23000000
1139,ETHBRL,18164.83000000
1140,DOTEUR,23.39000000
1141,AKROBTC,0.00000043
1142,AKROUSDT,0.01865000
1143,KP3RBNB,3.44310000
1144,KP3RBUSD,1658.85000000
1145,AXSBNB,0.16690000
1146,AXSBTC,0.00188000
1147,AXSBUSD,80.36000000
1148,AXSUSDT,80.30000000
1149,HARDBNB,0.00147800
1150,HARDBTC,0.00001664
1151,HARDBUSD,0.70870000
1152,HARDUSDT,0.71020000
1153,BNBBRL,2679.00000000
1154,LTCEUR,132.80000000
1155,RENBTCBTC,0.99990000
1156,RENBTCETH,16.29900000
1157,DNTBUSD,0.10880000
1158,DNTUSDT,0.10910000
1159,SLPETH,0.00000596
1160,ADAEUR,1.33600000
1161,LTCNGN,78132.00000000
1162,CVPETH,0.00040610
1163,CVPBUSD,1.32600000
1164,STRAXBTC,0.00003258
1165,STRAXETH,0.00042540
1166,STRAXBUSD,1.39000000
1167,STRAXUSDT,1.39000000
1168,FORBTC,0.00000145
1169,FORBUSD,0.06177000
1170,UNFIBNB,0.02654000
1171,UNFIBTC,0.00017600
1172,UNFIBUSD,7.51600000
1173,UNFIUSDT,7.50900000
1174,FRONTETH,0.00033040
1175,FRONTBUSD,0.61390000
1176,BCHABUSD,43.64100000
1177,ROSEBTC,0.00001237
1178,ROSEBUSD,0.52869000
1179,ROSEUSDT,0.52846000
1180,AVAXTRY,1210.30000000
1181,BUSDBRL,5.56000000
1182,AVAUSDT,1.56300000
1183,SYSBUSD,1.14970000
1184,XEMUSDT,0.11630000
1185,HEGICETH,0.00001750
1186,HEGICBUSD,0.05760000
1187,AAVEUPUSDT,0.60080000
1188,AAVEDOWNUSDT,0.00467300
1189,PROMBNB,0.02377000
1190,PROMBUSD,11.46000000
1191,XRPBRL,4.26000000
1192,XRPNGN,214.17000000
1193,SKLBTC,0.00000389
1194,SKLBUSD,0.16620000
1195,SKLUSDT,0.16610000
1196,BCHEUR,334.50000000
1197,YFIEUR,28293.52000000
1198,ZILBIDR,911.00
1199,SUSDBTC,0.00002065
1200,SUSDETH,0.00052700
1201,SUSDUSDT,1.00700000
1202,COVERETH,0.06373000
1203,COVERBUSD,193.60000000
1204,GLMBTC,0.00000978
1205,GLMETH,0.00012880
1206,GHSTETH,0.00066140
1207,GHSTBUSD,2.16500000
1208,SUSHIUPUSDT,0.00471400
1209,SUSHIDOWNUSDT,37.37000000
1210,XLMUPUSDT,0.02430000
1211,XLMDOWNUSDT,4.30400000
1212,LINKBRL,137.60000000
1213,LINKNGN,11772.00000000
1214,LTCRUB,11585.60000000
1215,TRXTRY,0.97750000
1216,XLMEUR,0.22250000
1217,DFETH,0.00007020
1218,DFBUSD,0.12970000
1219,GRTBTC,0.00001314
1220,GRTETH,0.00017180
1221,GRTUSDT,0.56110000
1222,JUVBTC,0.00018720
1223,JUVBUSD,7.99000000
1224,JUVUSDT,8.00000000
1225,PSGBTC,0.00035390
1226,PSGBUSD,15.14000000
1227,PSGUSDT,15.13000000
1228,BUSDBVND,23720.00
1229,USDTBVND,23710.00
1230,1INCHBTC,0.00005478
1231,1INCHUSDT,2.34100000
1232,REEFBTC,0.00000033
1233,REEFUSDT,0.01387000
1234,OGBTC,0.00009690
1235,OGUSDT,4.16000000
1236,ATMBTC,0.00015950
1237,ATMUSDT,6.79000000
1238,ASRBTC,0.00009080
1239,ASRUSDT,3.92000000
1240,CELOBTC,0.00010980
1241,CELOUSDT,4.68300000
1242,RIFBTC,0.00000414
1243,RIFUSDT,0.17650000
1244,CHZTRY,3.55800000
1245,XLMTRY,3.45200000
1246,LINKGBP,18.11000000
1247,GRTEUR,0.49140000
1248,BTCSTBTC,0.00047030
1249,BTCSTBUSD,20.10000000
1250,BTCSTUSDT,20.09000000
1251,TRUBTC,0.00000647
1252,TRUBUSD,0.53570000
1253,TRUUSDT,0.27630000
1254,DEXEETH,0.00291200
1255,DEXEBUSD,9.50000000
1256,EOSEUR,2.51300000
1257,LTCBRL,841.10000000
1258,USDCBUSD,1.00000000
1259,TUSDBUSD,1.00010000
1260,PAXBUSD,1.00000000
1261,CKBBTC,0.00000049
1262,CKBBUSD,0.02079000
1263,CKBUSDT,0.02079000
1264,TWTBTC,0.00001621
1265,TWTBUSD,0.69270000
1266,TWTUSDT,0.69280000
1267,FIROBTC,0.00011200
1268,FIROETH,0.00146700
1269,FIROUSDT,4.77500000
1270,BETHETH,0.93180000
1271,DOGEEUR,0.14830000
1272,DOGETRY,2.30100000
1273,DOGEAUD,0.23480000
1274,DOGEBRL,0.94200000
1275,DOTNGN,10716.00000000
1276,PROSETH,0.00030040
1277,LITBTC,0.00005863
1278,LITBUSD,2.50200000
1279,LITUSDT,2.50700000
1280,BTCVAI,56876.40000000
1281,BUSDVAI,1.14500000
1282,SFPBTC,0.00002484
1283,SFPBUSD,1.05890000
1284,SFPUSDT,1.06010000
1285,DOGEGBP,0.12410000
1286,DOTTRY,362.40000000
1287,FXSBTC,0.00082022
1288,FXSBUSD,34.92000000
1289,DODOBTC,0.00001832
1290,DODOBUSD,0.78300000
1291,DODOUSDT,0.78200000
1292,FRONTBTC,0.00001433
1293,EASYBTC,0.00029250
1294,CAKEBTC,0.00027270
1295,CAKEUSDT,11.65000000
1296,BAKEBUSD,0.94300000
1297,UFTETH,0.00017450
1298,UFTBUSD,0.56850000
1299,1INCHBUSD,2.34200000
1300,BANDBUSD,5.46600000
1301,GRTBUSD,0.56090000
1302,IOSTBUSD,0.02884000
1303,OMGBUSD,6.18800000
1304,REEFBUSD,0.01388000
1305,ACMBTC,0.00011840
1306,ACMBUSD,5.05800000
1307,ACMUSDT,5.06000000
1308,AUCTIONBTC,0.00047030
1309,AUCTIONBUSD,20.08000000
1310,PHABTC,0.00000836
1311,PHABUSD,0.35720000
1312,DOTGBP,19.50000000
1313,ADATRY,20.72000000
1314,ADABRL,8.48100000
1315,ADAGBP,1.11590000
1316,TVKBTC,0.00000406
1317,TVKBUSD,0.17410000
1318,BADGERBTC,0.00032360
1319,BADGERBUSD,13.86000000
1320,BADGERUSDT,13.83000000
1321,FISBTC,0.00002378
1322,FISBUSD,1.01770000
1323,FISUSDT,1.01820000
1324,DOTBRL,148.28000000
1325,ADAAUD,2.11400000
1326,HOTTRY,0.08389000
1327,EGLDEUR,168.47000000
1328,OMBTC,0.00000292
1329,OMBUSD,0.12480000
1330,OMUSDT,0.12480000
1331,PONDBTC,0.00000153
1332,PONDBUSD,0.06544000
1333,PONDUSDT,0.06537000
1334,DEGOBTC,0.00012280
1335,DEGOBUSD,5.23000000
1336,DEGOUSDT,5.23000000
1337,AVAXEUR,78.06000000
1338,BTTTRY,0.03783000
1339,CHZBRL,1.45400000
1340,UNIEUR,14.80000000
1341,ALICEBTC,0.00025430
1342,ALICEBUSD,10.87000000
1343,ALICEUSDT,10.87000000
1344,CHZBUSD,0.26220000
1345,CHZEUR,0.22950000
1346,CHZGBP,0.19120000
1347,BIFIBNB,2.77700000
1348,BIFIBUSD,1420.60000000
1349,LINABTC,0.00000081
1350,LINABUSD,0.03489000
1351,LINAUSDT,0.03487000
1352,ADARUB,116.62000000
1353,ENJBRL,13.28000000
1354,ENJEUR,2.09500000
1355,MATICEUR,2.06060000
1356,NEOTRY,330.60000000
1357,PERPBTC,0.00019180
1358,PERPBUSD,8.23000000
1359,PERPUSDT,8.23000000
1360,RAMPBTC,0.00000349
1361,RAMPBUSD,0.14910000
1362,RAMPUSDT,0.14940000
1363,SUPERBTC,0.00002425
1364,SUPERBUSD,1.03610000
1365,SUPERUSDT,1.03650000
1366,CFXBTC,0.00000414
1367,CFXBUSD,0.17660000
1368,CFXUSDT,0.17670000
1369,ENJGBP,1.73870000
1370,EOSTRY,39.00000000
1371,LTCGBP,110.49000000
1372,LUNAEUR,71.31000000
1373,RVNTRY,1.24720000
1374,THETAEUR,3.54100000
1375,XVGBUSD,0.01376000
1376,EPSBTC,0.00000527
1377,EPSBUSD,0.22530000
1378,EPSUSDT,0.22500000
1379,AUTOBTC,0.01267000
1380,AUTOBUSD,541.70000000
1381,AUTOUSDT,541.00000000
1382,TKOBTC,0.00002434
1383,TKOBIDR,14906.85
1384,TKOBUSD,1.04000000
1385,TKOUSDT,1.04100000
1386,PUNDIXETH,0.00027750
1387,PUNDIXUSDT,0.90700000
1388,BTTBRL,0.01553000
1389,BTTEUR,0.00243600
1390,HOTEUR,0.00540800
1391,WINEUR,0.00036100
1392,TLMBTC,0.00000406
1393,TLMBUSD,0.17360000
1394,TLMUSDT,0.17360000
1395,1INCHUPUSDT,0.06570300
1396,1INCHDOWNUSDT,0.00614800
1397,BTGBUSD,36.47000000
1398,BTGUSDT,36.49000000
1399,HOTBUSD,0.00617000
1400,BNBUAH,13761.00000000
1401,ONTTRY,8.50000000
1402,VETEUR,0.06696000
1403,VETGBP,0.05577000
1404,WINBRL,0.00228900
1405,MIRBTC,0.00003908
1406,MIRBUSD,1.66800000
1407,MIRUSDT,1.66600000
1408,BARBTC,0.00018540
1409,BARBUSD,7.93000000
1410,BARUSDT,7.93000000
1411,FORTHBTC,0.00017560
1412,FORTHBUSD,7.52000000
1413,FORTHUSDT,7.50000000
1414,CAKEGBP,8.53000000
1415,DOGERUB,12.97000000
1416,HOTBRL,0.03750000
1417,WRXEUR,0.93520000
1418,EZBTC,0.00007418
1419,EZETH,0.00097300
1420,BAKEUSDT,0.94500000
1421,BURGERBUSD,2.45100000
1422,BURGERUSDT,2.46000000
1423,SLPBUSD,0.01940000
1424,SLPUSDT,0.01940000
1425,TRXAUD,0.09810000
1426,TRXEUR,0.06300000
1427,VETTRY,1.03770000
1428,SHIBUSDT,0.00002934
1429,SHIBBUSD,0.00002936
1430,ICPBTC,0.00070000
1431,ICPBNB,0.06210000
1432,ICPBUSD,29.95000000
1433,ICPUSDT,29.95000000
1434,BTCGYEN,4300000.00000000
1435,USDTGYEN,85.00000000
1436,SHIBEUR,0.00002571
1437,SHIBRUB,0.00057730
1438,ETCEUR,27.29000000
1439,ETCBRL,202.40000000
1440,DOGEBIDR,2433.00
1441,ARBTC,0.00109010
1442,ARBNB,0.09671000
1443,ARBUSD,46.65000000
1444,ARUSDT,46.52000000
1445,POLSBTC,0.00005153
1446,POLSBNB,0.00456700
1447,POLSBUSD,2.20000000
1448,POLSUSDT,2.19800000
1449,MDXBTC,0.00000721
1450,MDXBNB,0.00064000
1451,MDXBUSD,0.30700000
1452,MDXUSDT,0.30800000
1453,MASKBNB,0.01842000
1454,MASKBUSD,8.88900000
1455,MASKUSDT,8.88700000
1456,LPTBTC,0.00081170
1457,LPTBNB,0.07173000
1458,LPTBUSD,34.79000000
1459,LPTUSDT,34.77000000
1460,ETHUAH,93017.00000000
1461,MATICBRL,13.11900000
1462,SOLEUR,125.20000000
1463,SHIBBRL,0.00016318
1464,AGIXBTC,0.00000421
1465,ICPEUR,26.13000000
1466,MATICGBP,1.72380000
1467,SHIBTRY,0.00039898
1468,MATICBIDR,33707.00
1469,MATICRUB,180.41000000
1470,NUBTC,0.00001459
1471,NUBNB,0.00129670
1472,NUBUSD,0.62210000
1473,NUUSDT,0.62300000
1474,XVGUSDT,0.01377000
1475,RLCBUSD,2.65000000
1476,CELRBUSD,0.08605000
1477,ATMBUSD,6.82000000
1478,ZENBUSD,53.92000000
1479,FTMBUSD,3.20690000
1480,THETABUSD,4.04100000
1481,WINBUSD,0.00041200
1482,KAVABUSD,5.74000000
1483,XEMBUSD,0.11650000
1484,ATABTC,0.00001293
1485,ATABNB,0.00115600
1486,ATABUSD,0.55250000
1487,ATAUSDT,0.55260000
1488,GTCBTC,0.00027920
1489,GTCBNB,0.01860000
1490,GTCBUSD,11.95800000
1491,GTCUSDT,11.91800000
1492,TORNBTC,0.00072000
1493,TORNBNB,0.06390000
1494,TORNBUSD,30.83000000
1495,TORNUSDT,30.81000000
1496,MATICTRY,31.94900000
1497,ETCGBP,26.54000000
1498,SOLGBP,104.70000000
1499,BAKEBTC,0.00002205
1500,COTIBUSD,0.36500000
1501,KEEPBTC,0.00001468
1502,KEEPBNB,0.00130050
1503,KEEPBUSD,0.62760000
1504,KEEPUSDT,0.62710000
1505,SOLTRY,1941.70000000
1506,RUNEGBP,4.42400000
1507,SOLBRL,794.00000000
1508,SCBUSD,0.01370000
1509,CHRBUSD,0.88550000
1510,STMXBUSD,0.01839000
1511,HNTBUSD,32.25000000
1512,FTTBUSD,45.77000000
1513,DOCKBUSD,0.05625000
1514,ADABIDR,21898.00
1515,ERNBNB,0.01667000
1516,ERNBUSD,8.01800000
1517,ERNUSDT,8.00700000
1518,KLAYBTC,0.00003262
1519,KLAYBNB,0.00290100
1520,KLAYBUSD,1.39700000
1521,KLAYUSDT,1.39400000
1522,RUNEEUR,5.29000000
1523,MATICAUD,3.27000000
1524,DOTRUB,2035.00000000
1525,UTKBUSD,0.35180000
1526,IOTXBUSD,0.11355000
1527,PHAUSDT,0.35720000
1528,SOLRUB,10893.00000000
1529,RUNEAUD,17.40400000
1530,BUSDUAH,28.54000000
1531,BONDBTC,0.00033830
1532,BONDBNB,0.02969000
1533,BONDBUSD,14.43000000
1534,BONDUSDT,14.47000000
1535,MLNBTC,0.00177500
1536,MLNBNB,0.15770000
1537,MLNBUSD,76.00000000
1538,MLNUSDT,76.00000000
1539,GRTTRY,7.62900000
1540,CAKEBRL,69.72000000
1541,ICPRUB,4589.00000000
1542,DOTAUD,36.98000000
1543,AAVEBRL,1792.00000000
1544,EOSAUD,6.55500000
1545,DEXEUSDT,9.51000000
1546,LTOBUSD,0.31500000
1547,ADXBUSD,0.48050000
1548,QUICKBTC,0.00656700
1549,QUICKBNB,0.58300000
1550,QUICKBUSD,280.40000000
1551,C98USDT,2.33000000
1552,C98BUSD,2.32900000
1553,C98BNB,0.00482000
1554,C98BTC,0.00005452
1555,CLVBTC,0.00001397
1556,CLVBNB,0.00123800
1557,CLVBUSD,0.59700000
1558,CLVUSDT,0.59600000
1559,QNTBTC,0.00384000
1560,QNTBNB,0.34100000
1561,QNTBUSD,164.20000000
1562,QNTUSDT,164.10000000
1563,FLOWBTC,0.00017420
1564,FLOWBNB,0.01543000
1565,FLOWBUSD,7.45000000
1566,FLOWUSDT,7.45000000
1567,XECBUSD,0.00010035
1568,AXSBRL,446.10000000
1569,AXSAUD,111.51000000
1570,TVKUSDT,0.17400000
1571,MINABTC,0.00007884
1572,MINABNB,0.00699200
1573,MINABUSD,3.36200000
1574,MINAUSDT,3.36500000
1575,RAYBNB,0.01086000
1576,RAYBUSD,5.23700000
1577,RAYUSDT,5.23600000
1578,FARMBTC,0.00320200
1579,FARMBNB,0.28320000
1580,FARMBUSD,136.80000000
1581,FARMUSDT,136.60000000
1582,ALPACABTC,0.00001159
1583,ALPACABNB,0.00102700
1584,ALPACABUSD,0.49500000
1585,ALPACAUSDT,0.49510000
1586,TLMTRY,2.35400000
1587,QUICKUSDT,280.70000000
1588,ORNBUSD,5.12200000
1589,MBOXBTC,0.00008626
1590,MBOXBNB,0.00763400
1591,MBOXBUSD,3.68800000
1592,MBOXUSDT,3.68500000
1593,VGXBTC,0.00005873
1594,VGXETH,0.00077000
1595,FORUSDT,0.06170000
1596,REQUSDT,0.36760000
1597,GHSTUSDT,2.16000000
1598,TRURUB,21.27000000
1599,FISBRL,5.65000000
1600,WAXPUSDT,0.40340000
1601,WAXPBUSD,0.40380000
1602,WAXPBNB,0.00083650
1603,WAXPBTC,0.00000944
1604,TRIBEBTC,0.00002695
1605,TRIBEBNB,0.00240400
1606,TRIBEBUSD,1.15270000
1607,TRIBEUSDT,1.15020000
1608,GNOUSDT,379.10000000
1609,GNOBUSD,379.00000000
1610,GNOBNB,0.79030000
1611,GNOBTC,0.00887200
1612,ARPATRY,1.14110000
1613,PROMBTC,0.00026750
1614,MTLBUSD,1.84200000
1615,OGNBUSD,0.51900000
1616,XECUSDT,0.00010031
1617,C98BRL,12.96000000
1618,SOLAUD,198.45000000
1619,SUSHIBIDR,96399.00
1620,XRPBIDR,11004.00
1621,POLYBUSD,0.48310000
1622,ELFUSDT,0.41210000
1623,DYDXUSDT,7.37200000
1624,DYDXBUSD,7.37700000
1625,DYDXBNB,0.01531100
1626,DYDXBTC,0.00017282
1627,ELFBUSD,0.41250000
1628,POLYUSDT,0.48250000
1629,IDEXUSDT,0.20140000
1630,VIDTUSDT,0.72640000
1631,SOLBIDR,2050615.00
1632,AXSBIDR,1156460.00
1633,BTCUSDP,42819.01000000
1634,ETHUSDP,3264.10000000
1635,BNBUSDP,480.69000000
1636,USDPBUSD,1.00000000
1637,USDPUSDT,0.99950000
1638,GALAUSDT,0.31308000
1639,GALABUSD,0.31324000
1640,GALABNB,0.00065095
1641,GALABTC,0.00000732
1642,FTMBIDR,45964.00
1643,ALGOBIDR,20095.00
1644,CAKEAUD,25.61000000
1645,KSMAUD,371.40000000
1646,WAVESRUB,1190.49000000
1647,SUNBUSD,0.02139000
1648,ILVUSDT,817.30000000
1649,ILVBUSD,818.00000000
1650,ILVBNB,1.69400000
1651,ILVBTC,0.01911000
1652,RENBUSD,0.46420000
1653,YGGUSDT,4.49200000
1654,YGGBUSD,4.49000000
1655,YGGBNB,0.00931000
1656,YGGBTC,0.00010490
1657,STXBUSD,2.08900000
1658,SYSUSDT,1.15100000
1659,DFUSDT,0.12960000
1660,SOLUSDC,142.87000000
1661,ARPARUB,6.41200000
1662,LTCUAH,4316.00000000
1663,FETBUSD,0.46960000
1664,ARPABUSD,0.08402000
1665,LSKBUSD,2.02400000
1666,AVAXBIDR,1276627.00
1667,ALICEBIDR,156804.00
1668,FIDAUSDT,2.47700000
1669,FIDABUSD,2.48500000
1670,FIDABNB,0.00514000
1671,FIDABTC,0.00005800
1672,DENTBUSD,0.00367200
1673,FRONTUSDT,0.61450000
1674,CVPUSDT,1.32600000
1675,AGLDBTC,0.00003258
1676,AGLDBNB,0.00289100
1677,AGLDBUSD,1.39200000
1678,AGLDUSDT,1.39100000
1679,RADBTC,0.00018900
1680,RADBNB,0.01679000
1681,RADBUSD,8.07300000
1682,RADUSDT,8.09500000
1683,UNIAUD,34.47000000
1684,HIVEBUSD,1.27030000
1685,STPTBUSD,0.09352000
1686,BETABTC,0.00001191
1687,BETABNB,0.00105640
1688,BETABUSD,0.51191000
1689,BETAUSDT,0.51025000
1690,SHIBAUD,0.00004073
1691,RAREBTC,0.00001749
1692,RAREBNB,0.00155300
1693,RAREBUSD,0.74800000
1694,RAREUSDT,0.74900000
1695,AVAXBRL,495.10000000
1696,AVAXAUD,123.45000000
1697,LUNAAUD,112.87000000
1698,TROYBUSD,0.00915800
1699,AXSETH,0.02462000
1700,FTMETH,0.00098350
1701,SOLETH,0.04378000
1702,SSVBTC,0.00019750
1703,SSVETH,0.00258900
1704,LAZIOTRY,59.59300000
1705,LAZIOEUR,3.83920000
1706,LAZIOBTC,0.00010257
1707,LAZIOUSDT,4.38470000
1708,CHESSBTC,0.00003862
1709,CHESSBNB,0.00341100
1710,CHESSBUSD,1.64500000
1711,CHESSUSDT,1.64500000
1712,FTMAUD,4.45300000
1713,FTMBRL,17.88000000
1714,SCRTBUSD,9.13400000
1715,ADXUSDT,0.48030000
1716,AUCTIONUSDT,20.05000000
1717,CELOBUSD,4.68500000
1718,FTMRUB,246.20000000
1719,NUAUD,0.85910000
1720,NURUB,47.78000000
1721,REEFTRY,0.18860000
1722,REEFBIDR,199.10
1723,SHIBDOGE,0.00017320
1724,DARUSDT,1.41699000
1725,DARBUSD,1.41706000
1726,DARBNB,0.00294427
1727,DARBTC,0.00003313
1728,BNXBTC,0.00073500
1729,BNXBNB,0.06510000
1730,BNXBUSD,31.40000000
1731,BNXUSDT,31.40000000
1732,RGTUSDT,30.61000000
1733,RGTBTC,0.00071480
1734,RGTBUSD,30.56000000
1735,RGTBNB,0.06320000
1736,LAZIOBUSD,4.40070000
1737,OXTBUSD,0.31750000
1738,MANATRY,40.80000000
1739,ALGORUB,107.20000000
1740,SHIBUAH,0.00083800
1741,LUNABIDR,1163826.00
1742,AUDUSDC,0.72060000
1743,MOVRBTC,0.00322700
1744,MOVRBNB,0.28640000
1745,MOVRBUSD,137.80000000
1746,MOVRUSDT,137.80000000
1747,CITYBTC,0.00024930
1748,CITYBNB,0.02220000
1749,CITYBUSD,10.63000000
1750,CITYUSDT,10.63000000
1751,ENSBTC,0.00060490
1752,ENSBNB,0.05343000
1753,ENSBUSD,25.81000000
1754,ENSUSDT,25.81000000
1755,SANDETH,0.00145460
1756,DOTETH,0.00816300
1757,MATICETH,0.00072250
1758,ANKRBUSD,0.09089000
1759,SANDTRY,64.56000000
1760,MANABRL,16.66000000
1761,KP3RUSDT,1661.02000000
1762,QIUSDT,0.10430000
1763,QIBUSD,0.10410000
1764,QIBNB,0.00021760
1765,QIBTC,0.00000244
1766,PORTOBTC,0.00008069
1767,PORTOUSDT,3.42300000
1768,PORTOTRY,46.55000000
1769,PORTOEUR,3.01610000
1770,POWRUSDT,0.62550000
1771,POWRBUSD,0.62580000
1772,AVAXETH,0.02725000
1773,SLPTRY,0.26450000
1774,FISTRY,13.83000000
1775,LRCTRY,16.70000000
1776,CHRETH,0.00027130
1777,FISBIDR,14663.00
1778,VGXUSDT,2.50300000
1779,GALAETH,0.00009598
1780,JASMYUSDT,0.06870000
1781,JASMYBUSD,0.06890000
1782,JASMYBNB,0.00014300
1783,JASMYBTC,0.00000161
1784,AMPBTC,0.00000095
1785,AMPBNB,0.00008488
1786,AMPBUSD,0.04093000
1787,AMPUSDT,0.04085000
1788,PLABTC,0.00002544
1789,PLABNB,0.00226500
1790,PLABUSD,1.08600000
1791,PLAUSDT,1.08700000
1792,PYRBTC,0.00032250
1793,PYRBUSD,13.77000000
1794,PYRUSDT,13.77000000
1795,RNDRBTC,0.00007860
1796,RNDRUSDT,3.34600000
1797,RNDRBUSD,3.34600000
1798,ALCXBTC,0.00649500
1799,ALCXBUSD,278.00000000
1800,ALCXUSDT,278.10000000
1801,SANTOSBTC,0.00008716
1802,SANTOSUSDT,3.73100000
1803,SANTOSBRL,20.70000000
1804,SANTOSTRY,50.61000000
1805,MCBTC,0.00008700
1806,MCBUSD,3.70000000
1807,MCUSDT,3.70000000
1808,BELTRY,17.43000000
1809,COCOSBUSD,1.58080000
1810,DENTTRY,0.04989000
1811,ENJTRY,32.48000000
1812,NEORUB,1860.00000000
1813,SANDAUD,6.57540000
1814,SLPBIDR,278.70
1815,ANYBTC,0.00065730
1816,ANYBUSD,28.06000000
1817,ANYUSDT,28.00000000
1818,BICOBTC,0.00008460
1819,BICOBUSD,3.62900000
1820,BICOUSDT,3.62600000
1821,FLUXBTC,0.00005888
1822,FLUXBUSD,2.51600000
1823,FLUXUSDT,2.51700000
1824,ALICETRY,147.90000000
1825,FXSUSDT,34.99500000
1826,GALABRL,1.74000000
1827,GALATRY,4.25900000
1828,LUNATRY,1106.20000000
1829,REQBUSD,0.36950000
1830,SANDBRL,26.67000000
1831,MANABIDR,42988.00
1832,SANDBIDR,68356.00
1833,VOXELBTC,0.00005698
1834,VOXELBNB,0.00506180
1835,VOXELBUSD,2.42800000
1836,VOXELUSDT,2.42680000
1837,COSBUSD,0.02039000
1838,CTXCBUSD,0.36700000
1839,FTMTRY,43.61000000
1840,MANABNB,0.00622400
1841,MINATRY,45.75000000
1842,XTZTRY,56.48000000
1843,HIGHBTC,0.00018530
1844,HIGHBUSD,7.94000000
1845,HIGHUSDT,7.92000000
1846,CVXBTC,0.00096660
1847,CVXBUSD,41.27000000
1848,CVXUSDT,41.30000000
1849,PEOPLEBTC,0.00000178
1850,PEOPLEBUSD,0.07620000
1851,PEOPLEUSDT,0.07600000
1852,OOKIBUSD,0.01853000
1853,OOKIUSDT,0.01853000
1854,COCOSTRY,21.54000000
1855,GXSBNB,0.00462100
1856,LINKBNB,0.05126000
1857,LUNAETH,0.02492000
1858,MDTBUSD,0.08030000
1859,NULSBUSD,0.58670000
1860,SPELLBTC,0.00000034
1861,SPELLUSDT,0.01426000
1862,SPELLBUSD,0.01429000
1863,USTBTC,0.00002345
1864,USTBUSD,1.00100000
1865,USTUSDT,1.00050000
1866,JOEBTC,0.00003625
1867,JOEBUSD,1.55300000
1868,JOEUSDT,1.54800000
1869,ATOMETH,0.01272000
1870,DUSKBUSD,1.02430000
1871,EGLDETH,0.05892000
1872,ICPETH,0.00916900
1873,LUNABRL,452.30000000
1874,LUNAUST,80.94000000
1875,NEARETH,0.00588200
1876,ROSEBNB,0.00109880
1877,VOXELETH,0.00074370
1878,ALICEBNB,0.02260000
1879,ATOMTRY,564.90000000
1880,ETHUST,3262.26000000
1881,GALAAUD,0.43729000
1882,LRCBNB,0.00255400
1883,ONEETH,0.00010317
1884,OOKIBNB,0.00003848
1885,ACHBTC,0.00000131
1886,ACHBUSD,0.05587000
1887,ACHUSDT,0.05587000
1888,IMXBTC,0.00009125
1889,IMXBUSD,3.90300000
1890,IMXUSDT,3.90400000
1891,GLMRBTC,0.00023610
1892,GLMRBUSD,10.09520000
1893,GLMRUSDT,10.10040000
1894,ATOMBIDR,596737.00
1895,DYDXETH,0.00225700
1896,FARMETH,0.04186000
1897,FORBNB,0.00012820
1898,ICPTRY,405.30000000
1899,JASMYETH,0.00002133
1900,LINABNB,0.00007293
1901,OOKIETH,0.00000568
1902,ROSEETH,0.00016200
1903,UMABUSD,8.31600000
1904,UNIETH,0.00518000
1905,XTZETH,0.00127300
